FindingId,Severity,Repository,FileOrArea,SymbolOrUse,CurrentAuthority,ClassifiedMeaning,TargetAuthority,RequiredAction,RecommendedCut,QARequired,Notes
IF-ID-A01,Critical,com.immersive.framework,Runtime/Authoring/RouteAsset.cs,HasSameIdentity,RouteId equality,Ambiguous,Explicit HasSameStableId or direct RouteAsset reference,Introduce precise vocabulary and deprecate ambiguous API,IF-ID-02,"same ref/same ID; different refs/same ID","Name implies definition equality but implementation compares stable IDs"
IF-ID-A01,Critical,com.immersive.framework,Runtime/Authoring/ActivityAsset.cs,HasSameIdentity,ActivityId equality,Ambiguous,Explicit HasSameStableId or direct ActivityAsset reference,Introduce precise vocabulary and deprecate ambiguous API,IF-ID-02,"same ref/same ID; different refs/same ID","Name implies definition equality but implementation compares stable IDs"
IF-ID-A02,Critical,com.immersive.framework,Runtime/RouteLifecycle/RouteLifecycleRuntime.cs,IsRouteActive,Stable ID,Definition reference,RouteAsset reference equality,Migrate active-target comparison,IF-ID-03,"different Route refs with same ID must not be already-active",Primary Route idempotence defect
IF-ID-A03,Critical,com.immersive.framework,Runtime/RouteLifecycle/RouteLifecycleRuntime.cs,Route entered/exited publication,Stable ID,Definition reference,RouteAsset reference equality,Align event decisions with Route authority migration,IF-ID-03,"switch colliding Route refs publishes correct facts",Do not patch separately from IsRouteActive
IF-ID-A03,Critical,com.immersive.framework,Runtime/RouteLifecycle/RouteLifecycleRuntime.cs,RemovePreviousRouteScopeRoot,Stable ID plus scope behavior,Operational ownership,Explicit Route runtime scope identity,Separate definition comparison from scope cleanup,IF-ID-03/IF-ID-05,"colliding Route refs clean previous scope deterministically",Compatibility may be needed until ownership cut
IF-ID-A06,Critical,com.immersive.framework,Runtime/RouteLifecycle/RouteLifecycleRuntime.cs,CreateRouteOwner,RouteId stable text,Operational ownership,Scoped owner identity including required lifetime dimension,Redesign after reference authority is stable,IF-ID-05,"two Route refs same ID cannot share release authority",Do not simply replace key with object reference
IF-ID-A04,Critical,com.immersive.framework,Runtime/ActivityFlow/ActivityFlowRuntime.cs,IsActivityActive,Stable ID,Definition reference,ActivityAsset reference equality,Migrate active-target comparison,IF-ID-04,"different Activity refs with same ID must not be already-active",Primary Activity idempotence defect
IF-ID-A09,High,com.immersive.framework,Runtime/ActivityFlow/ActivityFlowRuntime.cs,SetRouteContext / route context rollover,Stable ID,Definition reference,RouteAsset reference plus explicit scope lifetime,Align with Route authority migration,IF-ID-03,"colliding Route refs replace ActivityFlow context correctly",Cross-module dependency on Route equality
IF-ID-A06,Critical,com.immersive.framework,Runtime/ActivityFlow/ActivityFlowRuntime.cs,CreateActivityOwner,ActivityId stable text,Operational ownership,Scoped owner identity including Activity occurrence/lifetime,Redesign owner construction,IF-ID-05,"reentry/restart and colliding IDs release correctly",Occurrence requirement remains a design decision
IF-ID-A05,Critical,com.immersive.framework,Runtime/ActivityFlow/ActivityFlowRuntime.Transaction.cs,Transaction setup,ReferenceEquals,Definition reference,ActivityAsset reference equality,Preserve,IF-ID-04,"transaction with same/different references",Positive foundation
IF-ID-A05,Critical,com.immersive.framework,Runtime/ActivityFlow/ActivityFlowRuntime.Transaction.cs,Previous Activity finalization,Stable ID,Definition reference / runtime occurrence,ActivityAsset reference plus transaction/occurrence,Migrate with all Activity comparisons,IF-ID-04,"different refs same ID still finalize previous Activity",Split authority inside one transaction
IF-ID-A05,Critical,com.immersive.framework,Runtime/ActivityFlow/ActivityFlowRuntime.Transaction.cs,Entered/exited facts,ReferenceEquals,Definition reference,ActivityAsset reference equality,Preserve and align adjacent code,IF-ID-04,"fact sequence for colliding IDs",Positive use exposes inconsistency with finalization
IF-ID-P03,Positive,com.immersive.framework,Runtime/ActivityFlow/ActivityReadinessOccurrence.cs,Matches,Activity reference plus sequence,Runtime occurrence,Activity reference plus sequence,Preserve,N/A,"stale sequence and different reference cases",Canonical target model for Activity execution identity
IF-ID-A07,Critical,com.immersive.framework,Runtime/GameFlow/ActivityEntryReadinessActiveOperation.cs,OwnsRoute,Stable ID,Definition reference / operation ownership,Exact Route reference or Route transaction identity,Migrate with Route authority,IF-ID-03,"Route replacement with colliding IDs supersedes only correct wait",Sensitive after RouteAuthorityReplaced fix
IF-ID-A07,Critical,com.immersive.framework,Runtime/GameFlow/ActivityEntryReadinessActiveOperation.cs,OwnsActivity,Stable ID,Runtime occurrence,ActivityReadinessOccurrence exact match,Migrate to occurrence semantics,IF-ID-04,"different Activity refs same ID cannot own same wait",Wrapper regresses from correct occurrence model
IF-ID-A08,High,com.immersive.framework,Runtime/ApplicationLifecycle/FrameworkRuntimeHost.cs,CurrentRoute.HasSameIdentity(targetRoute),Stable ID,Definition reference,RouteAsset reference equality,Include in coordinated Route migration,IF-ID-03,"host sync with colliding Route IDs",Must not remain old authority after RouteLifecycle changes
IF-ID-P01,Positive,com.immersive.framework,Runtime/GameFlow/RouteRequestTrigger.cs,targetRoute request,Typed RouteAsset reference,Definition reference,Typed RouteAsset reference,Preserve,N/A,"public authoring request carries exact reference",No trigger redesign needed
IF-ID-P01,Positive,com.immersive.framework,Runtime/GameFlow/ActivityRequestTrigger.cs,targetActivity request,Typed ActivityAsset reference,Definition reference,Typed ActivityAsset reference,Preserve,N/A,"public authoring request carries exact reference",No trigger redesign needed
IF-ID-P02,Positive,com.immersive.framework,Runtime/RouteLifecycle/RouteRuntimeState.cs,Route plus identity key,Reference and stable key,Definition reference plus boundary evidence,Reference authoritative; stable key diagnostic/boundary,Clarify authority in docs and callers,IF-ID-03,"state retains exact Route reference",Good migration foundation
IF-ID-P02,Positive,com.immersive.framework,Runtime/ActivityFlow/ActivityRuntimeState.cs,Activity/previous Activity plus identity,Reference and stable key,Definition reference plus boundary evidence,Reference authoritative; stable key diagnostic/boundary,Clarify authority in docs and callers,IF-ID-04,"state retains exact Activity references",Good migration foundation
IF-ID-P04,Positive,com.immersive.framework,Runtime/Authoring/RouteId.cs,Typed stable ID,Stable ID,Stable boundary identity,Typed RouteId,Preserve,N/A,"validation/equality of RouteId itself",ADR does not remove stable IDs
IF-ID-P04,Positive,com.immersive.framework,Runtime/Authoring/ActivityId.cs,Typed stable ID,Stable ID,Stable boundary identity,Typed ActivityId,Preserve,N/A,"validation/equality of ActivityId itself",ADR does not remove stable IDs
IF-ID-A06,Critical,com.immersive.framework,Runtime/RuntimeContent/RuntimeContentOwner.cs,Owner equality,Scope plus stable framework key,Operational ownership,Explicit owner lifetime/occurrence contract,Design and migrate deliberately,IF-ID-05,"acquire/release with same ID distinct refs; restart/reentry",Type is coherent but current inputs can collide operationally
IF-ID-A10,High,com.immersive.framework,Editor/Authoring/RouteAssetEditor.cs,Inspector validation,Local validation plus global project audit,Validation scope,Selected-definition local validation,Separate scopes and deep links,IF-ID-06,"unrelated project collision must not block selected Route",Product correctness issue
IF-ID-A10,High,com.immersive.framework,Editor/Authoring/ActivityAssetEditor.cs,Inspector validation,Local validation plus global project audit,Validation scope,Selected-definition local validation,Separate scopes and deep links,IF-ID-06,"unrelated project collision must not block selected Activity",Product correctness issue
IF-ID-P05,Positive,com.immersive.framework,Editor/Authoring/ActivityIdAuthoringValidator.cs,ValidateProjectAssets,Project-wide scan,Project audit,Project identity audit,Retain but stop merging into local blocking status,IF-ID-06,"global duplicate report with scope labeling",Existing capability should be repositioned
IF-ID-A11,Medium,com.immersive.framework,Editor/Authoring/RouteAssetEditor.cs,Stable ID remediation,Generate if empty / copy,Product UX,Explicit regenerate-existing-ID operation,Add confirmation diagnostics and validation refresh,IF-ID-06,"duplicate then regenerate Route ID",Regenerate action not identified in inspected editor
IF-ID-A11,Medium,com.immersive.framework,Editor/Authoring/ActivityAssetEditor.cs,Stable ID remediation,Generate if empty / copy,Product UX,Explicit regenerate-existing-ID operation,Add confirmation diagnostics and validation refresh,IF-ID-06,"duplicate then regenerate Activity ID",Regenerate action not identified in inspected editor
IF-ID-A12,Deferred,com.immersive.framework,Runtime/ProgressionSave,Route/Activity ID resolver,Absent/deferred,Stable boundary identity,Explicit Game Application-scoped catalog,Implement only for a real persistence/integration use case,IF-ID-07,"resolved/not found/ambiguous/outside scope",Not an immediate defect
IF-ID-A13,Critical,rinnocenti/QAFramework,Current QA identity coverage,Dedicated proof not identified,Not identified,QA evidence,Focused collision/equality/ownership/readiness matrix,Create canonical smokes after QA reorganization,IF-ID-02 through IF-ID-06,"full matrix listed in audit",Static tree inspection is not proof that no incidental test exists
IF-ID-A14,High,planet-devourer,FIRSTGAME identity workflow,Not yet demonstrated,Not demonstrated,Consumer product proof,Package-backed duplication/collision/regeneration workflow,Add only after package and QA contracts stabilize,IF-ID-08,"real authoring and runtime flow",FIRSTGAME must not own permanent identity contracts
IF-ID-R01,Medium,com.immersive.framework,Runtime/ActivityFlow/ActivityFlowRuntime.cs,CreateRouteInstanceId,Stable Route ID plus sequence,Runtime occurrence / diagnostic key,Explicit documented runtime instance identity,Review after Route migration,IF-ID-05,"same-ID distinct Route refs and multiple entries",May be valid if scoped and collision-safe; requires decision
IF-ID-R02,Medium,com.immersive.framework,Diagnostics/display paths,RouteName/ActivityName,Display names,Presentation,Display name only,Preserve and ensure never used as fallback,N/A,"missing ID diagnostics do not select by name",Generally correct in inspected paths
